merchant_id,anomaly_score,detected_patterns,is_suspicious,actual_fraudulent
M000000,0.034704478824068984,[],False,False
M000001,0.022645246614812865,[],False,False
M000002,0.03441846622403571,[],False,False
M000003,0.025657027295267445,['high_velocity'],True,False
M000004,0.03965782062400083,[],False,False
M000005,0.5924697950010394,[],False,True
M000006,0.0643299576988471,['high_velocity'],True,False
M000007,0.08680485531297245,[],False,False
M000008,0.022637811080390723,[],False,False
M000009,0.01661771536332393,[],False,False
M000010,0.03500743610994804,[],False,False
M000011,0.07453631439844077,[],False,False
M000012,0.04371231896885229,[],False,False
M000013,0.06252422360192426,[],False,False
M000014,0.05608674709754644,[],False,False
M000015,1.35043709748809,['odd_hours'],True,True
M000016,1.9368612545891792,[],True,True
M000017,0.3455289440278901,['customer_concentration'],True,True
M000018,0.04659189307790017,[],False,False
M000019,0.050183016977553965,['high_velocity'],True,False
M000020,0.05286637820372854,[],False,False
M000021,0.04762355936006245,[],False,False
M000022,0.025988840862677613,[],False,False
M000023,0.03255889778889571,[],False,False
M000024,0.030399286213541373,[],False,False
M000025,0.07853326128451339,[],False,False
M000026,0.06778940829439191,[],False,False
M000027,0.5115750049812685,[],False,True
M000028,0.038559218176725425,[],False,False
M000029,0.020057699598859415,[],False,False
M000030,0.022616370012909358,[],False,False
M000031,0.09886408855751694,[],False,False
M000032,0.9040371143544564,['odd_hours'],True,True
M000033,0.7767045566164451,['odd_hours'],True,True
M000034,0.054564230313293216,[],False,False
M000035,0.2709436054543906,['customer_concentration'],True,True
M000036,0.5429630990706303,['odd_hours'],True,True
M000037,0.07193833801123495,[],False,False
M000038,0.042852515324694106,[],False,False
M000039,0.10481325388790765,[],False,False
M000040,0.04274283823182686,[],False,False
M000041,0.037869746733802924,[],False,False
M000042,0.03467236811141336,[],False,False
M000043,0.01751051496052899,[],False,False
M000044,0.0529382200814179,[],False,False
M000045,0.31590270151505756,['customer_concentration'],True,True
M000046,0.021745878257330674,['high_velocity'],True,False
M000047,0.045413637490578355,[],False,False
M000048,0.6827556756565208,['odd_hours'],True,True
M000049,0.055582962956340236,[],False,False
M000050,0.06500904074442383,[],False,False
M000051,0.03674281400565303,[],False,False
M000052,0.4359276205790568,['customer_concentration'],True,True
M000053,0.07371025876602023,[],False,False
M000054,0.030153964967301883,[],False,False
M000055,0.02598403591643242,[],False,False
M000056,0.3769771656428999,[],False,True
M000057,0.08613340456668464,[],False,False
M000058,0.0339002448243464,[],False,False
M000059,0.04094773883169021,[],False,False
M000060,0.02470421841359549,[],False,False
M000061,0.1303442888221783,[],False,False
M000062,0.03346209657829759,[],False,False
M000063,0.11928832924697015,[],False,False
M000064,0.03295328876218731,[],False,False
M000065,0.037421203883332976,[],False,False
M000066,0.060066404357207503,[],False,False
M000067,0.04670169603967237,[],False,False
M000068,0.04237705851948534,[],False,False
M000069,0.039032418811102296,[],False,False
M000070,0.33580509130366687,"['high_velocity', 'customer_concentration']",True,True
M000071,0.5805259854542467,[],False,True
M000072,0.0517686767167365,[],False,False
M000073,0.06567660244971014,[],False,False
M000074,0.024170618410333265,[],False,False
M000075,0.042284851358416725,['high_velocity'],True,False
M000076,0.13369428625605687,[],False,False
M000077,0.023433717977952975,[],False,False
M000078,0.32242734926394967,['customer_concentration'],True,True
M000079,1.469753311815931,['odd_hours'],True,True
M000080,0.07477498092784264,[],False,False
M000081,0.0376012543311924,[],False,False
M000082,0.04360976116700643,[],False,False
M000083,0.03579918314398926,[],False,False
M000084,0.0286917374597366,[],False,False
M000085,0.3428538684109231,['customer_concentration'],True,True
M000086,0.04727348755974907,[],False,False
M000087,0.04802863130557735,['high_velocity'],True,False
M000088,0.06579370675850289,[],False,False
M000089,0.08427360785376202,[],False,False
M000090,0.05306015576655017,[],False,False
M000091,0.7160068055069423,['odd_hours'],True,True
M000092,0.10050444611541831,[],False,False
M000093,0.025968683821693345,[],False,False
M000094,0.042323827605923965,[],False,False
M000095,0.020825895015117092,[],False,False
M000096,0.048563651012119666,[],False,False
M000097,0.030305128696686383,[],False,False
M000098,0.07685513460482622,[],False,False
M000099,0.607478450838018,['odd_hours'],True,True
M000100,0.051108116732761666,[],False,False
M000101,0.05679044763480226,[],False,False
M000102,0.09568719687929302,['high_velocity'],True,False
M000103,0.09185057784448974,['high_velocity'],True,False
M000104,0.06007927991365885,[],False,False
M000105,0.03992864847594467,[],False,False
M000106,0.045412451096359135,['high_velocity'],True,False
M000107,0.3573165063630902,[],False,True
M000108,0.04318238106923085,[],False,False
M000109,0.048319466049916875,[],False,False
M000110,0.0362024666322028,[],False,False
M000111,0.025567926680469796,[],False,False
M000112,0.033995906163536996,[],False,False
M000113,0.08726949402491027,[],False,False
M000114,0.31998648442291844,"['high_velocity', 'customer_concentration']",True,True
M000115,0.027297280070165606,[],False,False
M000116,0.053974167926073395,[],False,False
M000117,0.01927961293051989,[],False,False
M000118,0.0686152413611412,[],False,False
M000119,0.051834708213194226,[],False,False
M000120,0.04702723244190341,[],False,False
M000121,0.04048628085436102,[],False,False
M000122,0.04643488685901399,[],False,False
M000123,0.06445010254634738,[],False,False
M000124,0.021658853354680593,[],False,False
M000125,0.5787000931027222,['odd_hours'],True,True
M000126,0.026412928436396206,[],False,False
M000127,0.07610058150868651,[],False,False
M000128,0.058758004525188846,[],False,False
M000129,0.047177818107381336,[],False,False
M000130,0.07768849395693671,[],False,False
M000131,0.032056796612993245,[],False,False
M000132,0.0868114385856482,[],False,False
M000133,0.035024337490581016,[],False,False
M000134,0.02607762897809855,[],False,False
M000135,0.0191709330136104,[],False,False
M000136,0.06458797853113063,[],False,False
M000137,0.04626156611628394,[],False,False
M000138,0.0473114984394134,[],False,False
M000139,0.05545140334206005,[],False,False
M000140,0.07383824810177535,[],False,False
M000141,0.05028440100604955,[],False,False
M000142,0.022401021919658023,[],False,False
M000143,0.09446520663367028,[],False,False
M000144,0.060399321243997,[],False,False
M000145,0.07053452327971625,[],False,False
M000146,1.1007212124893273,[],True,True
M000147,0.04318723607006586,[],False,False
M000148,0.38257368083954013,"['high_velocity', 'customer_concentration']",True,True
M000149,0.06295480406348551,[],False,False
M000150,0.096273872380198,[],False,False
M000151,0.03706590573846839,[],False,False
M000152,0.06740878785624421,[],False,False
M000153,0.02894755983566454,[],False,False
M000154,0.02351657054029337,['high_velocity'],True,False
M000155,0.12810826298881506,[],False,False
M000156,0.04518501428592583,[],False,False
M000157,0.04736071421295974,[],False,False
M000158,0.31809488223575844,['customer_concentration'],True,True
M000159,0.05106100857469514,[],False,False
M000160,0.03963273055470804,[],False,False
M000161,0.041549912309210874,[],False,False
M000162,0.027823264192527185,[],False,False
M000163,0.06953008618571759,[],False,False
M000164,0.07062380716217444,[],False,False
M000165,0.9459814886743951,['odd_hours'],True,True
M000166,0.3404153752303739,['customer_concentration'],True,True
M000167,0.054058881501866565,[],False,False
M000168,0.07890186162908197,[],False,False
M000169,0.035393580476521365,[],False,False
M000170,0.055937235865774884,['high_velocity'],True,False
M000171,0.03209514345503226,[],False,False
M000172,0.3379758457593816,[],False,True
M000173,0.04806635301348435,[],False,False
M000174,0.05701401244311471,[],False,False
M000175,1.7850661057986112,[],True,True
M000176,0.02623404673523269,[],False,False
M000177,0.07565330557853853,[],False,False
M000178,0.023159783458565363,[],False,False
M000179,0.018920467986460753,[],False,False
M000180,0.0227531131644676,[],False,False
M000181,0.10400875069311462,[],False,False
M000182,0.5909253760716386,['odd_hours'],True,True
M000183,1.0740033061952596,['odd_hours'],True,True
M000184,0.028002878292613012,[],False,False
M000185,0.054597562356956404,[],False,False
M000186,0.026969412212245667,[],False,False
M000187,0.08156797252762497,[],False,False
M000188,0.029302545309431282,[],False,False
M000189,0.0358078633104114,[],False,False
M000190,0.03014101596808222,[],False,False
M000191,0.9308955809725816,['odd_hours'],True,True
M000192,0.86245841138267,[],False,True
M000193,0.8120750383686975,[],False,True
M000194,0.031546747237349036,[],False,False
M000195,0.025236459898420955,[],False,False
M000196,0.049860297462881446,[],False,False
M000197,0.9949757802435738,[],False,True
M000198,0.512638891933952,['odd_hours'],True,True
M000199,0.026825603063944204,[],False,False
M000200,0.036578025378750156,[],False,False
M000201,0.05473021134024872,[],False,False
M000202,0.03349658345417174,['high_velocity'],True,False
M000203,0.051666379928169075,[],False,False
M000204,0.024029485703735143,[],False,False
M000205,0.0373459651202317,[],False,False
M000206,0.055601104078196704,['high_velocity'],True,False
M000207,0.04691520619230918,[],False,False
M000208,0.06022445044275664,[],False,False
M000209,0.0850564090351719,[],False,False
M000210,0.6874989237457098,['odd_hours'],True,True
M000211,0.1127717028856381,['high_velocity'],True,False
M000212,0.0285776293720691,[],False,False
M000213,0.04459610573655699,[],False,False
M000214,0.024938190673989665,[],False,False
M000215,0.03693815674804481,[],False,False
M000216,0.04445442831371781,[],False,False
M000217,0.02954007984561367,[],False,False
M000218,0.05974793196595996,[],False,False
M000219,0.04882866629608387,[],False,False
M000220,0.043073716776848125,[],False,False
M000221,0.08834232629115608,[],False,False
M000222,0.03266271232790107,[],False,False
M000223,0.03708654990559851,[],False,False
M000224,0.0332795262571761,[],False,False
M000225,0.08562843251027501,[],False,False
M000226,0.02882962723740616,[],False,False
M000227,0.06630812445898866,[],False,False
M000228,0.08852438284984261,[],False,False
M000229,1.1029340999446249,['odd_hours'],True,True
M000230,0.034174806597667584,[],False,False
M000231,0.02995841639788342,['high_velocity'],True,False
M000232,0.7916207821403501,['odd_hours'],True,True
M000233,0.0305844879195719,[],False,False
M000234,0.05220773090936934,[],False,False
M000235,0.09084451170989513,[],False,False
M000236,0.03951172279060046,[],False,False
M000237,0.08662948909299874,[],False,False
M000238,0.2736879128273617,['customer_concentration'],True,True
M000239,0.35776006870498445,['customer_concentration'],True,True
M000240,0.024208007152157398,[],False,False
M000241,0.32768156053903064,['customer_concentration'],True,True
M000242,0.03701330209621281,[],False,False
M000243,0.05558956328451704,[],False,False
M000244,0.04715653980870743,[],False,False
M000245,0.04101479947610435,['high_velocity'],True,False
M000246,0.03240388666398957,[],False,False
M000247,0.03582986840441616,[],False,False
M000248,0.08919275092732744,[],False,False
M000249,0.3462199712209736,"['high_velocity', 'customer_concentration']",True,True
M000250,0.026921701956882017,[],False,False
M000251,0.04132490512066619,[],False,False
M000252,0.06203151243158343,['high_velocity'],True,False
M000253,0.10864403864656634,[],False,False
M000254,0.05048156380854035,[],False,False
M000255,0.05564981183164553,[],False,False
M000256,0.12042197498936959,[],False,False
M000257,0.026672560389705804,[],False,False
M000258,0.022586761787117077,[],False,False
M000259,1.0695037551826094,['odd_hours'],True,True
M000260,0.031374097581024024,[],False,False
M000261,0.0865486349666335,[],False,False
M000262,0.028297263419527777,[],False,False
M000263,0.025003760188307318,[],False,False
M000264,0.046218287123409786,[],False,False
M000265,0.3175043595771669,['customer_concentration'],True,True
M000266,0.030778196677283137,[],False,False
M000267,0.03951410483485744,['high_velocity'],True,False
M000268,0.06175959154573352,[],False,False
M000269,0.024098781812700983,['high_velocity'],True,False
M000270,0.03746189077880254,['high_velocity'],True,False
M000271,0.026940387682555075,[],False,False
M000272,0.04880461217580005,[],False,False
M000273,1.3244956652847018,['odd_hours'],True,True
M000274,0.5789964158070403,[],False,True
M000275,0.09283696557764314,[],False,False
M000276,0.0409534582526172,[],False,False
M000277,0.7155673048465603,['odd_hours'],True,True
M000278,0.04617925922826139,[],False,False
M000279,0.04455065693646373,[],False,False
M000280,0.018167314726808135,[],False,False
M000281,0.0595556318184592,[],False,False
M000282,0.04524256419846447,[],False,False
M000283,0.02677785308323562,[],False,False
M000284,0.0580575403196439,[],False,False
M000285,0.027221534517823914,[],False,False
M000286,0.2906500687755916,['customer_concentration'],True,True
M000287,0.057621081879067976,[],False,False
M000288,0.07636072976719162,[],False,False
M000289,0.03314019721169762,[],False,False
M000290,0.027005335878760243,[],False,False
M000291,0.26567924375125335,['customer_concentration'],True,True
M000292,0.030633723903329087,[],False,False
M000293,0.03331699743079844,['high_velocity'],True,False
M000294,0.019768145542348972,[],False,False
M000295,0.059597549268110846,['high_velocity'],True,False
M000296,0.02880736183411139,[],False,False
M000297,0.04561642796204496,[],False,False
M000298,0.43681500072840634,['customer_concentration'],True,True
M000299,0.037756775157788615,[],False,False
M000300,0.06306911418189581,[],False,False
M000301,0.7756866918304707,['odd_hours'],True,True
M000302,0.022068939008225444,[],False,False
M000303,1.083601793762269,['odd_hours'],True,True
M000304,0.8915507673198302,['odd_hours'],True,True
M000305,0.04743102377627804,[],False,False
M000306,0.058857640696393924,[],False,False
M000307,0.07173432295735829,[],False,False
M000308,0.033621227449551906,[],False,False
M000309,0.052820228144759784,[],False,False
M000310,0.078485430704656,[],False,False
M000311,0.046066272053401594,[],False,False
M000312,0.01703089639700446,[],False,False
M000313,1.611285041774233,[],True,True
M000314,0.048337755895352545,[],False,False
M000315,0.032689269607768724,[],False,False
M000316,0.023603366462627916,[],False,False
M000317,0.02640623784727437,[],False,False
M000318,0.03850320580023026,['high_velocity'],True,False
M000319,0.044914979712301434,[],False,False
M000320,0.4827234325275949,[],False,True
M000321,0.8457748665178008,[],False,True
M000322,1.4377507341845177,['odd_hours'],True,True
M000323,1.0921690247024283,[],True,True
M000324,0.04187846083701791,[],False,False
M000325,0.03883766955148197,['high_velocity'],True,False
M000326,0.04687904075021241,[],False,False
M000327,0.02240274882723871,['high_velocity'],True,False
M000328,0.8600520372814957,['odd_hours'],True,True
M000329,0.046323118101771185,[],False,False
M000330,0.0338435416021382,[],False,False
M000331,0.03966866284475892,[],False,False
M000332,0.031125710204131376,[],False,False
M000333,0.026147045602089917,[],False,False
M000334,0.058524623902136065,[],False,False
M000335,0.03161793655236663,[],False,False
M000336,0.09765915945326963,[],False,False
M000337,0.08097669780838576,[],False,False
M000338,0.0430822110234308,[],False,False
M000339,1.6483413584958866,[],True,True
M000340,0.047204543607815765,[],False,False
M000341,0.029070926548125875,[],False,False
M000342,0.611334498557269,['odd_hours'],True,True
M000343,0.022366075453584818,[],False,False
M000344,0.046058733813625186,[],False,False
M000345,0.06719941246682253,[],False,False
M000346,0.06532111472616275,[],False,False
M000347,0.04391595321198294,['high_velocity'],True,False
M000348,0.034305154066385624,[],False,False
M000349,0.2808963773512429,[],False,True
M000350,0.014639478024667755,[],False,False
M000351,1.1024113477382143,['odd_hours'],True,True
M000352,0.540577339207544,['odd_hours'],True,True
M000353,0.034835552869264236,[],False,False
M000354,0.05879457375683547,[],False,False
M000355,1.01593386808834,['odd_hours'],True,True
M000356,0.04577033839463122,[],False,False
M000357,0.02574786921130255,[],False,False
M000358,0.40104382876450695,[],False,True
M000359,0.039071005350641626,[],False,False
M000360,0.09836437380039333,[],False,False
M000361,0.04980385837059709,[],False,False
M000362,0.06760706173388283,[],False,False
M000363,0.0861702986986049,[],False,False
M000364,0.03657961984556049,[],False,False
M000365,0.06995327268483027,[],False,False
M000366,0.0598613785375241,[],False,False
M000367,0.04437343667878667,['high_velocity'],True,False
M000368,0.027506832880770958,[],False,False
M000369,0.4346735530081293,['customer_concentration'],True,True
M000370,0.2961546962086989,['customer_concentration'],True,True
M000371,0.05167146751413345,[],False,False
M000372,0.7887602708701913,['odd_hours'],True,True
M000373,1.8222756055326526,[],True,True
M000374,0.03121984171420378,[],False,False
M000375,0.026306217780806967,[],False,False
M000376,0.048217821317252114,[],False,False
M000377,0.03110945812195015,[],False,False
M000378,0.027868577041166468,[],False,False
M000379,0.3942767689241881,[],False,True
M000380,0.09050722590383112,[],False,False
M000381,0.06009253029778643,[],False,False
M000382,0.44352560608766567,['customer_concentration'],True,True
M000383,0.02572546264348703,[],False,False
M000384,0.02036992530926534,[],False,False
M000385,0.030834909938826233,[],False,False
M000386,0.034400446470408824,[],False,False
M000387,0.06472109863807919,[],False,False
M000388,0.2990718216650964,['customer_concentration'],True,True
M000389,0.03011116342111727,[],False,False
M000390,0.08281102023081935,[],False,False
M000391,0.0367094198170874,[],False,False
M000392,0.020660711318502202,['high_velocity'],True,False
M000393,0.06366840996056479,[],False,False
M000394,0.041766863723081096,[],False,False
M000395,0.02697132967343488,[],False,False
M000396,0.019307659064606394,['high_velocity'],True,False
M000397,0.06466573053668657,[],False,False
M000398,0.0684284154904798,[],False,False
M000399,0.6168373345376562,['odd_hours'],True,True
M000400,0.02393340099638316,[],False,False
M000401,0.0704202631049789,[],False,False
M000402,0.047077317712823516,[],False,False
M000403,0.032586725355976495,[],False,False
M000404,0.038859640533393636,[],False,False
M000405,1.5493841508291575,[],True,True
M000406,0.04207817897047519,[],False,False
M000407,0.05233781765320948,[],False,False
M000408,0.08831427647518252,[],False,False
M000409,0.04812366439081106,[],False,False
M000410,0.04830082121965334,[],False,False
M000411,0.04158031591284343,[],False,False
M000412,0.12231637975840086,[],False,False
M000413,0.033362529769127985,[],False,False
M000414,0.042672424495066454,[],False,False
M000415,0.04518494251935245,[],False,False
M000416,0.024453231650003005,[],False,False
M000417,0.01979308242462479,[],False,False
M000418,0.056793427735113367,[],False,False
M000419,1.1110221346852798,['odd_hours'],True,True
M000420,0.04075883371195239,[],False,False
M000421,0.035077309938676096,[],False,False
M000422,0.04885630583720991,[],False,False
M000423,0.02684934722952392,[],False,False
M000424,0.44358335128465365,[],False,True
M000425,0.023395180884210907,[],False,False
M000426,0.06136543861563559,[],False,False
M000427,0.0428125006900186,[],False,False
M000428,0.03308355040228276,[],False,False
M000429,0.040481504851301454,[],False,False
M000430,0.03119931202940419,[],False,False
M000431,0.08407267998811117,[],False,False
M000432,0.0432981200961867,[],False,False
M000433,0.8061866294426274,['odd_hours'],True,True
M000434,0.8471913234104698,"['high_velocity', 'odd_hours']",True,True
M000435,0.04767381932935746,[],False,False
M000436,0.6963455806692759,"['high_velocity', 'odd_hours']",True,True
M000437,0.027271459019360164,[],False,False
M000438,0.08578107356434256,[],False,False
M000439,0.02827073505349228,[],False,False
M000440,0.030836876911811317,[],False,False
M000441,0.03238620063936085,['high_velocity'],True,False
M000442,0.2240592647360149,['customer_concentration'],True,True
M000443,0.030352534188958002,[],False,False
M000444,0.02427377823324108,[],False,False
M000445,0.07709780866346147,[],False,False
M000446,0.0829549377485471,[],False,False
M000447,1.0241682889675991,['odd_hours'],True,True
M000448,0.039011521641024706,[],False,False
M000449,0.03658716951105302,[],False,False
M000450,0.07135157907908926,[],False,False
M000451,0.04946487886614683,[],False,False
M000452,0.40218110108669103,"['high_velocity', 'customer_concentration']",True,True
M000453,0.021064838066798788,[],False,False
M000454,0.037477258774911516,[],False,False
M000455,0.5453826647795914,[],False,True
M000456,0.04761582792214232,[],False,False
M000457,0.8833042922058937,['odd_hours'],True,True
M000458,0.052986486910051235,[],False,False
M000459,0.40543092985562884,['customer_concentration'],True,True
M000460,0.054784679136210254,[],False,False
M000461,0.07932861913043857,[],False,False
M000462,0.25350029512959965,"['high_velocity', 'customer_concentration']",True,True
M000463,0.05260012748623193,[],False,False
M000464,0.06026090530411467,[],False,False
M000465,0.018933793310476735,[],False,False
M000466,0.05911993550535656,[],False,False
M000467,0.03941938330411413,[],False,False
M000468,0.017729997577983936,[],False,False
M000469,1.1938351155832814,"['high_velocity', 'odd_hours']",True,True
M000470,0.10871180502366536,[],False,False
M000471,0.03314230590864168,[],False,False
M000472,0.09924636673423927,[],False,False
M000473,0.03554576184589364,[],False,False
M000474,0.2440754251465805,['customer_concentration'],True,True
M000475,0.04531281584233633,[],False,False
M000476,0.0276950271946143,[],False,False
M000477,0.03362854760366021,[],False,False
M000478,0.04398784455754014,[],False,False
M000479,0.03668597480518406,[],False,False
M000480,0.027056621023637935,[],False,False
M000481,0.340040956980081,['customer_concentration'],True,True
M000482,0.11717041597847415,[],False,False
M000483,1.3655437463812743,[],True,True
M000484,0.049421017581648456,[],False,False
M000485,0.06944229884338604,[],False,False
M000486,0.04241594526199731,[],False,False
M000487,0.28138654343253217,['customer_concentration'],True,True
M000488,0.022371851085246065,[],False,False
M000489,0.6859643483708853,['odd_hours'],True,True
M000490,0.04587659245720526,[],False,False
M000491,0.04529567518468301,[],False,False
M000492,0.04340705944881021,[],False,False
M000493,0.03681016852077419,[],False,False
M000494,0.34636133066502167,['customer_concentration'],True,True
M000495,0.022795183354035405,[],False,False
M000496,0.021917891125644826,[],False,False
M000497,0.028099304403986714,[],False,False
M000498,0.016783418302754934,[],False,False
M000499,0.020178721615891744,[],False,False
M000500,1.5529794185804444,['odd_hours'],True,True
M000501,0.02556915824197168,[],False,False
M000502,0.08249277667986721,[],False,False
M000503,0.044302405046078734,[],False,False
M000504,0.11588990670769017,[],False,False
M000505,0.8368912051305104,['odd_hours'],True,True
M000506,1.8030384032472904,[],True,True
M000507,1.5707922498730231,[],True,True
M000508,0.025684317128939864,[],False,False
M000509,0.035744729747043034,['high_velocity'],True,False
M000510,0.0282932247540289,[],False,False
M000511,0.03957061742687298,[],False,False
M000512,0.05029385208956642,[],False,False
M000513,0.035646699073133045,[],False,False
M000514,0.08494263346432014,[],False,False
M000515,0.09928830336668545,[],False,False
M000516,0.02667046815497876,[],False,False
M000517,0.03340707589970152,[],False,False
M000518,0.08887347809997527,[],False,False
M000519,0.02376120619284536,[],False,False
M000520,0.08203482783947592,[],False,False
M000521,0.07924876268338775,[],False,False
M000522,0.04683022195789749,[],False,False
M000523,0.06025348528383816,[],False,False
M000524,0.02381913136054529,[],False,False
M000525,0.08174702706795332,['high_velocity'],True,False
M000526,0.3276857185230585,['customer_concentration'],True,True
M000527,0.03803132730596897,[],False,False
M000528,0.041873519814745776,[],False,False
M000529,0.021307898702451363,[],False,False
M000530,0.019467923507936795,[],False,False
M000531,0.041282784847193194,['high_velocity'],True,False
M000532,0.045407644965973645,[],False,False
M000533,0.05901815389077147,[],False,False
M000534,0.022412100236011843,[],False,False
M000535,0.019260784936237663,[],False,False
M000536,0.05780762374865637,[],False,False
M000537,1.1404969288933315,[],True,True
M000538,0.038798764230781276,['high_velocity'],True,False
M000539,0.6615179875125599,['odd_hours'],True,True
M000540,0.4564799313777142,[],False,True
M000541,0.037825606855363944,[],False,False
M000542,0.07285142289136164,[],False,False
M000543,0.023190030839809393,[],False,False
M000544,0.040900012065120686,[],False,False
M000545,0.04585264041746291,[],False,False
M000546,0.09299016783770021,[],False,False
M000547,0.03928687711255957,[],False,False
M000548,0.03731709436096002,[],False,False
M000549,0.03906809142070203,[],False,False
M000550,0.04658333211810366,[],False,False
M000551,0.2928061734802287,['customer_concentration'],True,True
M000552,0.05669762031768408,[],False,False
M000553,0.051642661593051524,[],False,False
M000554,0.031216652243741854,[],False,False
M000555,0.021521511517470154,[],False,False
M000556,0.10777558010879126,[],False,False
M000557,0.04832871470763296,[],False,False
M000558,1.3802629651307696,[],True,True
M000559,0.033235955150945164,[],False,False
M000560,0.041562283240199324,[],False,False
M000561,0.8219919933276699,['odd_hours'],True,True
M000562,0.03748616852819293,[],False,False
M000563,0.03031358676965967,[],False,False
M000564,0.10866695114732344,[],False,False
M000565,0.029526905744091985,['high_velocity'],True,False
M000566,0.07253729574664568,[],False,False
M000567,0.044360106226324074,[],False,False
M000568,0.043738462678600876,[],False,False
M000569,0.07712807008360094,[],False,False
M000570,0.045716937134185516,[],False,False
M000571,0.02895319440920493,[],False,False
M000572,0.07784046218384133,[],False,False
M000573,0.021993117702927195,[],False,False
M000574,0.05495866664191881,[],False,False
M000575,0.07306890485716909,[],False,False
M000576,0.02702865662897719,[],False,False
M000577,0.034969972691067525,['high_velocity'],True,False
M000578,0.030803880482212134,[],False,False
M000579,0.0614097992157986,[],False,False
M000580,0.35126872887731364,[],False,True
M000581,0.03757030659337972,[],False,False
M000582,0.34931067526209325,['customer_concentration'],True,True
M000583,0.02431991554362547,[],False,False
M000584,0.9008598358427781,"['high_velocity', 'odd_hours']",True,True
M000585,0.24674371828547034,['customer_concentration'],True,True
M000586,0.07070964028283877,[],False,False
M000587,0.04939170227028095,[],False,False
M000588,0.04581579519106982,[],False,False
M000589,0.04220409431980049,['high_velocity'],True,False
M000590,0.2575447029259415,['customer_concentration'],True,True
M000591,0.025235853583607915,['high_velocity'],True,False
M000592,1.0831335118344947,"['high_velocity', 'odd_hours']",True,True
M000593,0.1146879839143239,[],False,False
M000594,0.0923896735805117,[],False,False
M000595,0.039132983715169684,[],False,False
M000596,0.08152496563860673,[],False,False
M000597,0.02505296422248799,[],False,False
M000598,0.03306967766582198,[],False,False
M000599,0.0621701774472848,[],False,False
M000600,0.09180985428451334,[],False,False
M000601,0.026604230750148,[],False,False
M000602,0.030003097792514085,[],False,False
M000603,0.08236717764515218,[],False,False
M000604,0.07812643353291206,[],False,False
M000605,0.08366399781535573,[],False,False
M000606,0.024762616329482828,['high_velocity'],True,False
M000607,0.055769415202206525,[],False,False
M000608,0.062176849509360525,[],False,False
M000609,0.07415652775516089,[],False,False
M000610,0.9991613753637724,['odd_hours'],True,True
M000611,0.03836588802347824,[],False,False
M000612,0.06801584871327167,[],False,False
M000613,0.0332217559723583,[],False,False
M000614,0.03835055281339231,[],False,False
M000615,0.06576965375108149,[],False,False
M000616,0.8285942885440052,['odd_hours'],True,True
M000617,0.058272022491639486,[],False,False
M000618,0.04614174542950053,[],False,False
M000619,0.05933806687430209,[],False,False
M000620,1.825448639011579,['odd_hours'],True,True
M000621,0.037669578150196746,[],False,False
M000622,0.02566836437277269,[],False,False
M000623,0.031142964843915023,[],False,False
M000624,0.030939516214866663,[],False,False
M000625,1.064975906678258,['odd_hours'],True,True
M000626,0.0803499106376246,[],False,False
M000627,0.03619319406105663,[],False,False
M000628,0.047261837354773295,[],False,False
M000629,0.26969727579563796,['customer_concentration'],True,True
M000630,0.03540729839268379,[],False,False
M000631,0.055481684031414305,[],False,False
M000632,0.047824766906761934,[],False,False
M000633,0.03973535270234455,[],False,False
M000634,0.05644592933787229,[],False,False
M000635,0.774734425963012,"['high_velocity', 'odd_hours']",True,True
M000636,0.057408477441404336,[],False,False
M000637,0.0358840695610175,[],False,False
M000638,0.9753135341810526,['odd_hours'],True,True
M000639,0.07972978154320116,[],False,False
M000640,0.08663090013856295,[],False,False
M000641,0.0334932292544046,[],False,False
M000642,0.051334661905054334,[],False,False
M000643,0.058776031764027604,['high_velocity'],True,False
M000644,0.02370808665724512,[],False,False
M000645,0.04485452996235626,[],False,False
M000646,0.049409429153355895,[],False,False
M000647,0.019054334086620262,[],False,False
M000648,0.03966592059983319,[],False,False
M000649,0.020797297690728425,[],False,False
M000650,0.035747804181378844,[],False,False
M000651,0.08341605646723063,[],False,False
M000652,0.06453745783186197,[],False,False
M000653,0.038999516685875014,[],False,False
M000654,0.03196503920989594,[],False,False
M000655,2.0906234823064453,['odd_hours'],True,True
M000656,0.03213461394258723,[],False,False
M000657,0.06443712666275557,[],False,False
M000658,0.05019656703761241,[],False,False
M000659,0.2851933876637572,['customer_concentration'],True,True
M000660,0.034752279318514136,[],False,False
M000661,0.052494366735411316,[],False,False
M000662,0.7225606852522538,['odd_hours'],True,True
M000663,0.021766941063223327,['high_velocity'],True,False
M000664,1.0533692965302093,[],True,True
M000665,0.06688897097610744,[],False,False
M000666,0.3584784864697125,['customer_concentration'],True,True
M000667,0.04654883893679955,[],False,False
M000668,0.789158294198945,[],False,True
M000669,0.05504844298762087,[],False,False
M000670,0.030342654581992624,[],False,False
M000671,0.5841299475807089,[],False,True
M000672,0.0404923521363772,[],False,False
M000673,0.04958839479396267,[],False,False
M000674,0.030386747513154826,[],False,False
M000675,0.06895716715405711,[],False,False
M000676,0.03202141650142769,[],False,False
M000677,0.04272750602876003,[],False,False
M000678,0.04453906234128943,[],False,False
M000679,0.036347742725255296,[],False,False
M000680,1.0456389268890034,['odd_hours'],True,True
M000681,0.04041526123456708,[],False,False
M000682,0.017260494298665004,['high_velocity'],True,False
M000683,0.022121629090200184,[],False,False
M000684,0.03191486692484894,[],False,False
M000685,0.030103333868430327,[],False,False
M000686,0.06184108388447021,[],False,False
M000687,0.02942970194310446,[],False,False
M000688,0.05206042980019722,[],False,False
M000689,1.2705494189924338,[],True,True
M000690,0.04783891212316223,[],False,False
M000691,0.09080676468246904,[],False,False
M000692,0.0656741859099022,[],False,False
M000693,1.5199530201475737,[],True,True
M000694,0.023139023138679864,[],False,False
M000695,2.1408109876436576,[],True,True
M000696,0.06399805292879959,[],False,False
M000697,0.03991805702467279,[],False,False
M000698,0.04645014335573287,[],False,False
M000699,0.08725047559901053,[],False,False
M000700,0.07106585188222331,[],False,False
M000701,0.04862763524054338,[],False,False
M000702,0.028215991984544733,[],False,False
M000703,0.03208961510755595,[],False,False
M000704,0.02577859192184393,[],False,False
M000705,0.3710624939520283,"['high_velocity', 'customer_concentration']",True,True
M000706,0.031093022317605894,[],False,False
M000707,0.10452909341958923,[],False,False
M000708,0.02865521434565814,[],False,False
M000709,0.04045152582406223,[],False,False
M000710,0.07802975791481992,[],False,False
M000711,0.055917963440428715,[],False,False
M000712,0.051528858635746126,[],False,False
M000713,0.03240859120807243,[],False,False
M000714,0.059909264490321024,[],False,False
M000715,0.04571026247951028,[],False,False
M000716,0.028847509823830244,['high_velocity'],True,False
M000717,0.8087728774588064,"['high_velocity', 'odd_hours']",True,True
M000718,0.02975613497920883,[],False,False
M000719,0.05971510442817471,[],False,False
M000720,0.032490489832315346,[],False,False
M000721,0.03546320336400975,[],False,False
M000722,0.04969626564124419,[],False,False
M000723,0.9558169185334894,['odd_hours'],True,True
M000724,0.029952441522011385,[],False,False
M000725,0.06255201988622497,[],False,False
M000726,0.03745904370543789,[],False,False
M000727,0.03209720337490055,[],False,False
M000728,0.04987945696887372,[],False,False
M000729,0.024881459912999893,[],False,False
M000730,0.04210214835128447,[],False,False
M000731,0.9746833818279201,[],False,True
M000732,0.04295745095519097,[],False,False
M000733,0.04889227686843297,[],False,False
M000734,0.04787316929243852,[],False,False
M000735,0.02342046075848895,[],False,False
M000736,0.039188053036098444,[],False,False
M000737,0.08944820577542524,[],False,False
M000738,0.04079235302399093,['high_velocity'],True,False
M000739,0.030323010728371593,[],False,False
M000740,0.335659009248991,"['high_velocity', 'customer_concentration']",True,True
M000741,0.026088454352579785,[],False,False
M000742,0.05336041937960125,[],False,False
M000743,0.03463874244748402,[],False,False
M000744,0.03877473879665388,[],False,False
M000745,0.2624215094237166,[],False,True
M000746,0.05181750405960696,[],False,False
M000747,0.036674693488419036,[],False,False
M000748,0.555714609124383,[],False,True
M000749,0.03773639100905424,[],False,False
M000750,0.64170532247132,[],False,True
M000751,0.03761996065450651,[],False,False
M000752,0.34529251561616214,['customer_concentration'],True,True
M000753,0.04730439648390507,[],False,False
M000754,0.03280017198593474,[],False,False
M000755,0.022722668497854023,[],False,False
M000756,0.03221365359817223,[],False,False
M000757,1.2485790751006807,['odd_hours'],True,True
M000758,0.031915393166219136,[],False,False
M000759,0.499808734259848,['odd_hours'],True,True
M000760,0.10611248059993264,[],False,False
M000761,0.06875991772258731,[],False,False
M000762,0.04267855118953346,[],False,False
M000763,0.024293982025757426,[],False,False
M000764,0.041144727075583726,[],False,False
M000765,0.024726021485406275,[],False,False
M000766,0.0854824252999606,[],False,False
M000767,0.05382126720053236,[],False,False
M000768,0.04729764990871251,['high_velocity'],True,False
M000769,0.06259211676114718,[],False,False
M000770,0.022406887714547418,[],False,False
M000771,1.7830602741253434,[],True,True
M000772,0.04621281724540979,[],False,False
M000773,0.03779925300503836,[],False,False
M000774,0.05016187002218542,[],False,False
M000775,0.033741697091033154,[],False,False
M000776,0.02900188619846608,[],False,False
M000777,0.022971237230579557,[],False,False
M000778,2.0306496884800858,['odd_hours'],True,True
M000779,0.0247626059863585,[],False,False
M000780,0.07740841492576368,['high_velocity'],True,False
M000781,0.048207774462748924,[],False,False
M000782,0.060691172930235834,[],False,False
M000783,0.0930264559462968,[],False,False
M000784,0.04242712359930511,[],False,False
M000785,0.09300220351737012,[],False,False
M000786,0.04359947848068265,[],False,False
M000787,0.047533593993072845,[],False,False
M000788,0.382951570741662,[],False,True
M000789,0.04670503840633797,[],False,False
M000790,0.021214714017442564,[],False,False
M000791,0.08958688911456109,[],False,False
M000792,0.5682084662940937,[],False,True
M000793,0.055810467330996545,[],False,False
M000794,0.04144545407638715,['high_velocity'],True,False
M000795,0.06904801832622193,[],False,False
M000796,0.030205309289744055,[],False,False
M000797,0.042140505575829705,[],False,False
M000798,0.36800518520965286,[],False,True
M000799,0.021249258723096277,['high_velocity'],True,False
M000800,0.02658747243411519,[],False,False
M000801,0.05220008179825352,[],False,False
M000802,1.0512867871286018,['odd_hours'],True,True
M000803,0.08715445018748254,[],False,False
M000804,0.06204396114515675,[],False,False
M000805,0.07405776824644161,[],False,False
M000806,1.588030598830063,[],True,True
M000807,0.0529074076841573,[],False,False
M000808,0.04006237955613726,[],False,False
M000809,0.08633999717886011,[],False,False
M000810,0.02732612473779605,[],False,False
M000811,0.035785184746859246,[],False,False
M000812,0.05094195238972069,[],False,False
M000813,0.025730135467389594,[],False,False
M000814,0.03499717689544782,[],False,False
M000815,0.15805304752262012,[],False,False
M000816,0.0393424406421608,[],False,False
M000817,0.03915803569340507,[],False,False
M000818,0.35452034390892556,['customer_concentration'],True,True
M000819,0.057158088213964696,['high_velocity'],True,False
M000820,0.0362033019872632,[],False,False
M000821,0.047099410733410896,[],False,False
M000822,0.048328813716272026,[],False,False
M000823,0.08158974014958226,[],False,False
M000824,0.08477811009413025,[],False,False
M000825,0.32168521269102207,['customer_concentration'],True,True
M000826,0.023566581804804337,[],False,False
M000827,0.043111799882365506,[],False,False
M000828,0.03812217857093333,['high_velocity'],True,False
M000829,0.038103979332128446,[],False,False
M000830,0.047846415559541,[],False,False
M000831,0.042676326416321596,[],False,False
M000832,0.8365189253334465,['odd_hours'],True,True
M000833,0.06413328112195818,[],False,False
M000834,0.04796514813496963,[],False,False
M000835,0.01948586420096189,[],False,False
M000836,0.0646809461975955,[],False,False
M000837,0.036535687510524946,[],False,False
M000838,0.06579588801883555,[],False,False
M000839,0.09432159913185877,[],False,False
M000840,0.03138122159633664,[],False,False
M000841,0.07291098403662774,['high_velocity'],True,False
M000842,0.054157965453747695,[],False,False
M000843,0.05408344412743284,[],False,False
M000844,0.03696126542111051,[],False,False
M000845,0.08008922937551495,[],False,False
M000846,0.5816718085928032,[],False,True
M000847,0.04399004966978464,[],False,False
M000848,0.7547747918169032,"['high_velocity', 'odd_hours']",True,True
M000849,0.047841784542785135,[],False,False
M000850,0.05172781808267144,[],False,False
M000851,0.032129824107661,['high_velocity'],True,False
M000852,0.04563380769755307,[],False,False
M000853,0.043843133119794896,[],False,False
M000854,0.712227584358451,['odd_hours'],True,True
M000855,0.5895837017475676,['odd_hours'],True,True
M000856,0.07212627259298368,[],False,False
M000857,0.04831391000039143,[],False,False
M000858,0.04015584891315291,[],False,False
M000859,0.08387082720416787,[],False,False
M000860,0.724085374798187,[],False,True
M000861,0.043259825854777584,[],False,False
M000862,0.3710065213105485,['customer_concentration'],True,True
M000863,0.02838123864012525,[],False,False
M000864,0.030852807945100424,[],False,False
M000865,1.263370432608634,['odd_hours'],True,True
M000866,0.030230811769790852,[],False,False
M000867,0.040542513320720557,[],False,False
M000868,0.07803175020755855,[],False,False
M000869,0.04387753434413833,[],False,False
M000870,0.08198290253209757,[],False,False
M000871,0.041568490286683156,[],False,False
M000872,0.01873221859433094,[],False,False
M000873,1.1324258288294597,['odd_hours'],True,True
M000874,0.08004725553299903,[],False,False
M000875,0.46582152097761886,['customer_concentration'],True,True
M000876,0.36149098928812234,['customer_concentration'],True,True
M000877,0.05972899450023891,[],False,False
M000878,0.028062257952491135,[],False,False
M000879,0.020179111616349978,[],False,False
M000880,0.02636128772491597,[],False,False
M000881,0.06394256641655476,[],False,False
M000882,0.033688969153675696,[],False,False
M000883,0.04375787860969713,[],False,False
M000884,0.034074325379772036,['high_velocity'],True,False
M000885,0.0749120812099692,[],False,False
M000886,0.05346754137369268,[],False,False
M000887,0.09400646618401243,[],False,False
M000888,0.053489372134497525,[],False,False
M000889,0.06469444355143074,['high_velocity'],True,False
M000890,0.08503493755081547,[],False,False
M000891,0.02798617762525817,['high_velocity'],True,False
M000892,0.0686609202498596,[],False,False
M000893,0.026454602946711217,[],False,False
M000894,0.031134842488015055,[],False,False
M000895,0.066556519073837,[],False,False
M000896,0.29810018461252114,['customer_concentration'],True,True
M000897,0.2469266265556879,"['high_velocity', 'customer_concentration']",True,True
M000898,0.07630932426542632,[],False,False
M000899,0.03093556051603859,[],False,False
M000900,0.029633478341985427,['high_velocity'],True,False
M000901,0.9310962584841241,['odd_hours'],True,True
M000902,0.34951942893727617,['customer_concentration'],True,True
M000903,0.5295747768447286,[],False,True
M000904,0.042477874268484185,['high_velocity'],True,False
M000905,0.01916864551938002,[],False,False
M000906,0.03621709589619454,[],False,False
M000907,0.03674072275055901,[],False,False
M000908,0.052882164164788,[],False,False
M000909,0.04919030559889094,[],False,False
M000910,0.04179422496695754,[],False,False
M000911,0.06447416058502317,[],False,False
M000912,0.7147445358536291,['odd_hours'],True,True
M000913,0.06235085191660451,[],False,False
M000914,1.0942017825818793,['odd_hours'],True,True
M000915,0.045031767895143675,[],False,False
M000916,0.03531744530700783,[],False,False
M000917,0.04920871477517021,[],False,False
M000918,0.3369591599772226,['customer_concentration'],True,True
M000919,0.043163879519375586,[],False,False
M000920,0.031990149329244995,[],False,False
M000921,0.6524102147414605,['odd_hours'],True,True
M000922,0.08245514594838829,[],False,False
M000923,0.048314976609935674,[],False,False
M000924,0.035129422023189,[],False,False
M000925,0.042630690148410116,[],False,False
M000926,0.06433247500791066,[],False,False
M000927,0.04202289970632212,['high_velocity'],True,False
M000928,0.03255558202264688,[],False,False
M000929,0.0228692222164611,[],False,False
M000930,0.018109951653399615,[],False,False
M000931,0.03601250992352706,[],False,False
M000932,0.07276922193741933,[],False,False
M000933,0.3458510413285369,['customer_concentration'],True,True
M000934,0.1688068610747135,[],False,False
M000935,0.08714171860592812,[],False,False
M000936,0.05772057588798781,[],False,False
M000937,0.02710840714501933,[],False,False
M000938,0.040228416271638784,[],False,False
M000939,0.04339457092540168,[],False,False
M000940,0.03845482878224575,[],False,False
M000941,0.9234684780462135,"['high_velocity', 'odd_hours']",True,True
M000942,0.058535795835647074,[],False,False
M000943,0.08055066098856949,[],False,False
M000944,0.020638109201693795,[],False,False
M000945,0.02730224839816514,[],False,False
M000946,1.2291810105029022,['odd_hours'],True,True
M000947,0.05094042027805894,[],False,False
M000948,0.04211010267514404,[],False,False
M000949,0.05292144992212681,[],False,False
M000950,0.0680653102179263,[],False,False
M000951,1.2001916172732774,[],True,True
M000952,0.06538995232515242,[],False,False
M000953,0.29923886930756255,['customer_concentration'],True,True
M000954,0.028413831219498566,[],False,False
M000955,0.4549495876422557,['customer_concentration'],True,True
M000956,0.025166888178067115,['high_velocity'],True,False
M000957,0.021457049041862658,[],False,False
M000958,1.0448497084305672,['odd_hours'],True,True
M000959,0.03533678176800503,[],False,False
M000960,0.954759939065545,[],False,True
M000961,0.05155558182778693,[],False,False
M000962,0.026220024179909072,[],False,False
M000963,0.6427649467252334,[],False,True
M000964,0.047857142544063216,[],False,False
M000965,0.24861316536290914,['odd_hours'],True,True
M000966,0.5305049899710153,['odd_hours'],True,True
M000967,0.0342689299033748,[],False,False
M000968,0.03518153379335746,[],False,False
M000969,0.06668749746744342,[],False,False
M000970,1.5094573655009282,[],True,True
M000971,0.08586117036020043,[],False,False
M000972,0.02493030220530704,[],False,False
M000973,0.07220736839447493,[],False,False
M000974,0.03015698575451988,['high_velocity'],True,False
M000975,0.04267757389523287,[],False,False
M000976,0.03225833882713515,[],False,False
M000977,1.4100152477778007,[],True,True
M000978,0.03815823012961945,[],False,False
M000979,0.038927703728349555,['high_velocity'],True,False
M000980,0.022956274477780463,[],False,False
M000981,0.03794717150168505,[],False,False
M000982,0.33037418103815586,['customer_concentration'],True,True
M000983,1.8433659355115188,[],True,True
M000984,0.03264251540888934,[],False,False
M000985,0.6577434079666656,['odd_hours'],True,True
M000986,0.3324221282213325,['customer_concentration'],True,True
M000987,0.3876070543440175,['customer_concentration'],True,True
M000988,0.022510024336775614,[],False,False
M000989,0.07869258695247613,['high_velocity'],True,False
M000990,0.2579047198816913,['customer_concentration'],True,True
M000991,0.03457202309497266,['high_velocity'],True,False
M000992,0.029045288175698177,[],False,False
M000993,0.028873442930697827,[],False,False
M000994,0.030624309872015892,[],False,False
M000995,0.03844289768234078,[],False,False
M000996,0.06615600962011821,[],False,False
M000997,0.05292628791718492,['high_velocity'],True,False
M000998,0.07617420618679449,['high_velocity'],True,False
M000999,0.023856530610852564,['high_velocity'],True,False
